-- MySQL dump 10.13  Distrib 5.6.44, for Linux (x86_64)
--
-- Host: localhost    Database: testing
-- ------------------------------------------------------
-- Server version	5.6.44

/*!40101 SET @OLD_CHARACTER_SET_CLIENT=@@CHARACTER_SET_CLIENT */;
/*!40101 SET @OLD_CHARACTER_SET_RESULTS=@@CHARACTER_SET_RESULTS */;
/*!40101 SET @OLD_COLLATION_CONNECTION=@@COLLATION_CONNECTION */;
/*!40101 SET NAMES utf8 */;
/*!40103 SET @OLD_TIME_ZONE=@@TIME_ZONE */;
/*!40103 SET TIME_ZONE='+00:00' */;
/*!40014 SET @OLD_UNIQUE_CHECKS=@@UNIQUE_CHECKS, UNIQUE_CHECKS=0 */;
/*!40014 SET @OLD_FOREIGN_KEY_CHECKS=@@FOREIGN_KEY_CHECKS, FOREIGN_KEY_CHECKS=0 */;
/*!40101 SET @OLD_SQL_MODE=@@SQL_MODE, SQL_MODE='NO_AUTO_VALUE_ON_ZERO' */;
/*!40111 SET @OLD_SQL_NOTES=@@SQL_NOTES, SQL_NOTES=0 */;

--
-- Current Database: `testing`
--

CREATE DATABASE `testing` /*!40100 DEFAULT CHARACTER SET utf8mb4 COLLATE utf8mb4_unicode_ci */;

USE `testing`;

--
-- Table structure for table `communities`
--

DROP TABLE IF EXISTS `communities`;
/*!40101 SET @saved_cs_client     = @@character_set_client */;
/*!40101 SET character_set_client = utf8 */;
CREATE TABLE `communities` (
  `id` int(10) unsigned NOT NULL AUTO_INCREMENT,
  `name` varchar(100) COLLATE utf8mb4_unicode_ci NOT NULL,
  `created_at` timestamp NOT NULL DEFAULT CURRENT_TIMESTAMP,
  PRIMARY KEY (`id`)
) ENGINE=InnoDB AUTO_INCREMENT=10 DEFAULT CHARSET=utf8mb4 COLLATE=utf8mb4_unicode_ci;
/*!40101 SET character_set_client = @saved_cs_client */;

--
-- Dumping data for table `communities`
--

LOCK TABLES `communities` WRITE;
/*!40000 ALTER TABLE `communities` DISABLE KEYS */;
INSERT INTO `communities` VALUES (1,'Reading Addict','2010-10-10 09:31:17'),(2,'Texting Overload','2012-07-18 01:35:14'),(3,'Confessions of a Cooking Freak','2013-01-31 22:45:52'),(4,'Draw Draw Draw','2013-09-16 11:11:10'),(5,'The Art of Cooking','2015-06-26 03:42:03'),(6,'Cook Read Text','2016-12-22 07:04:09'),(7,'Anonymous Associates','2017-01-24 05:44:17'),(8,'Useful Interesting Community','2017-08-01 09:30:39'),(9,'Drew York Minute','2018-09-17 01:12:17');
/*!40000 ALTER TABLE `communities` ENABLE KEYS */;
UNLOCK TABLES;

--
-- Table structure for table `community_member_permissions`
--

DROP TABLE IF EXISTS `community_member_permissions`;
/*!40101 SET @saved_cs_client     = @@character_set_client */;
/*!40101 SET character_set_client = utf8 */;
CREATE TABLE `community_member_permissions` (
  `id` int(10) unsigned NOT NULL AUTO_INCREMENT,
  `member_id` int(10) unsigned NOT NULL,
  `permission_id` int(10) unsigned NOT NULL,
  PRIMARY KEY (`id`)
) ENGINE=InnoDB AUTO_INCREMENT=316 DEFAULT CHARSET=utf8mb4 COLLATE=utf8mb4_unicode_ci;
/*!40101 SET character_set_client = @saved_cs_client */;

--
-- Dumping data for table `community_member_permissions`
--

LOCK TABLES `community_member_permissions` WRITE;
/*!40000 ALTER TABLE `community_member_permissions` DISABLE KEYS */;
INSERT INTO `community_member_permissions` VALUES (1,2,1),(2,3,1),(3,4,1),(4,5,1),(5,5,3),(6,6,1),(7,6,5),(8,7,1),(9,7,3),(10,7,4),(11,7,5),(12,8,1),(13,8,4),(14,9,1),(15,9,2),(16,9,3),(17,9,4),(18,9,5),(19,10,3),(20,10,5),(21,11,1),(22,11,4),(23,12,1),(24,14,3),(25,15,4),(26,16,1),(27,16,2),(28,16,3),(29,16,4),(30,16,5),(31,19,2),(32,19,3),(33,19,4),(34,19,5),(35,21,1),(36,21,3),(37,21,5),(38,22,1),(39,22,3),(40,23,1),(41,23,2),(42,23,4),(43,23,5),(44,24,1),(45,24,2),(46,24,3),(47,24,4),(48,24,5),(49,25,4),(50,26,1),(51,27,2),(52,27,3),(53,28,1),(54,28,2),(55,28,3),(56,28,4),(57,28,5),(58,29,2),(59,30,2),(60,30,3),(61,30,5),(62,31,2),(63,31,3),(64,31,5),(65,32,5),(66,33,1),(67,33,2),(68,33,3),(69,34,2),(70,34,4),(71,36,1),(72,36,2),(73,36,3),(74,36,4),(75,36,5),(76,37,1),(77,37,4),(78,38,1),(79,38,4),(80,39,1),(81,39,2),(82,39,3),(83,39,5),(84,40,1),(85,40,2),(86,40,5),(87,41,5),(88,42,1),(89,42,2),(90,42,3),(91,42,4),(92,43,1),(93,43,2),(94,43,3),(95,43,4),(96,43,5),(97,44,1),(98,44,3),(99,44,4),(100,44,5),(101,45,3),(102,46,1),(103,46,3),(104,46,4),(105,46,5),(106,47,1),(107,47,2),(108,47,4),(109,51,1),(110,51,2),(111,51,3),(112,51,4),(113,51,5),(114,53,2),(115,53,3),(116,54,3),(117,56,1),(118,56,2),(119,56,4),(120,56,5),(121,57,1),(122,57,4),(123,57,5),(124,58,1),(125,58,3),(126,58,5),(127,59,1),(128,59,2),(129,60,3),(130,60,5),(131,61,1),(132,61,2),(133,61,3),(134,61,4),(135,63,2),(136,63,4),(137,63,5),(138,65,1),(139,65,2),(140,65,4),(141,66,1),(142,66,3),(143,66,5),(144,67,1),(145,67,5),(146,69,1),(147,69,2),(148,69,3),(149,69,5),(150,70,1),(151,70,2),(152,70,3),(153,70,5),(154,71,2),(155,73,2),(156,73,5),(157,74,1),(158,74,2),(159,74,3),(160,74,4),(161,74,5),(162,75,1),(163,75,2),(164,75,5),(165,76,3),(166,76,4),(167,77,1),(168,77,2),(169,77,3),(170,77,4),(171,77,5),(172,79,2),(173,79,4),(174,79,5),(175,80,1),(176,80,2),(177,80,3),(178,80,4),(179,80,5),(180,81,2),(181,81,3),(182,81,4),(183,81,5),(184,82,3),(185,83,1),(186,83,2),(187,83,3),(188,83,4),(189,83,5),(190,84,2),(191,84,3),(192,85,5),(193,86,1),(194,88,1),(195,88,2),(196,88,3),(197,88,4),(198,88,5),(199,90,1),(200,90,2),(201,90,4),(202,91,1),(203,91,5),(204,92,2),(205,92,3),(206,92,4),(207,92,5),(208,93,2),(209,94,1),(210,95,1),(211,95,2),(212,95,3),(213,95,5),(214,96,1),(215,96,2),(216,96,4),(217,96,5),(218,97,1),(219,97,2),(220,97,3),(221,97,4),(222,97,5),(223,98,2),(224,98,3),(225,99,1),(226,99,2),(227,99,3),(228,99,4),(229,99,5),(230,100,1),(231,100,2),(232,100,3),(233,100,4),(234,100,5),(235,101,1),(236,101,2),(237,102,1),(238,102,2),(239,102,4),(240,102,5),(241,103,1),(242,103,2),(243,103,3),(244,103,4),(245,103,5),(246,104,1),(247,104,2),(248,104,4),(249,104,5),(250,105,2),(251,105,3),(252,105,4),(253,106,1),(254,106,2),(255,106,3),(256,106,4),(257,106,5),(258,107,5),(259,108,2),(260,108,3),(261,108,4),(262,108,5),(263,109,2),(264,109,3),(265,109,5),(266,110,1),(267,111,2),(268,111,3),(269,111,5),(270,113,3),(271,114,1),(272,115,3),(273,116,3),(274,116,5),(275,118,5),(276,119,1),(277,119,2),(278,119,5),(279,120,2),(280,120,3),(281,121,2),(282,121,3),(283,121,4),(284,121,5),(285,122,2),(286,123,3),(287,123,4),(288,125,1),(289,125,2),(290,125,3),(291,125,4),(292,126,1),(293,126,3),(294,126,4),(295,127,1),(296,127,2),(297,127,4),(298,127,5),(299,128,1),(300,128,2),(301,128,3),(302,128,4),(303,128,5),(304,129,1),(305,129,2),(306,129,3),(307,129,5),(308,131,1),(309,131,2),(310,131,3),(311,131,5),(312,132,1),(313,132,2),(314,132,3),(315,132,5);
/*!40000 ALTER TABLE `community_member_permissions` ENABLE KEYS */;
UNLOCK TABLES;

--
-- Table structure for table `community_members`
--

DROP TABLE IF EXISTS `community_members`;
/*!40101 SET @saved_cs_client     = @@character_set_client */;
/*!40101 SET character_set_client = utf8 */;
CREATE TABLE `community_members` (
  `id` int(10) unsigned NOT NULL AUTO_INCREMENT,
  `community_id` int(10) unsigned NOT NULL,
  `user_id` int(10) unsigned NOT NULL,
  `joined_at` timestamp NOT NULL DEFAULT CURRENT_TIMESTAMP ON UPDATE CURRENT_TIMESTAMP,
  PRIMARY KEY (`id`)
) ENGINE=InnoDB AUTO_INCREMENT=133 DEFAULT CHARSET=utf8mb4 COLLATE=utf8mb4_unicode_ci;
/*!40101 SET character_set_client = @saved_cs_client */;

--
-- Dumping data for table `community_members`
--

LOCK TABLES `community_members` WRITE;
/*!40000 ALTER TABLE `community_members` DISABLE KEYS */;
INSERT INTO `community_members` VALUES (1,1,6,'2011-05-25 22:07:14'),(2,1,2,'2012-02-11 21:13:27'),(3,2,4,'2013-09-01 14:55:55'),(4,2,6,'2014-01-09 18:59:33'),(5,4,2,'2014-02-10 13:32:18'),(6,3,1,'2014-05-05 07:00:35'),(7,3,2,'2014-07-30 14:13:02'),(8,3,7,'2014-11-20 16:47:21'),(9,1,13,'2015-01-27 05:05:16'),(10,1,9,'2015-05-28 17:34:28'),(11,5,6,'2015-08-16 01:55:03'),(12,4,6,'2015-11-28 01:30:31'),(13,5,13,'2016-01-04 06:56:07'),(14,4,17,'2016-01-11 22:10:34'),(15,3,18,'2016-01-25 09:36:03'),(16,3,19,'2016-06-02 13:48:45'),(17,3,6,'2016-06-28 03:02:43'),(18,2,14,'2016-06-29 05:20:54'),(19,4,3,'2016-07-01 18:05:37'),(20,5,15,'2016-07-05 01:32:12'),(21,4,11,'2016-11-05 23:29:44'),(22,2,17,'2016-12-22 22:38:52'),(23,3,16,'2017-02-23 22:10:44'),(24,4,1,'2017-03-17 19:16:49'),(25,5,16,'2017-04-02 15:06:30'),(26,2,1,'2017-04-30 14:45:08'),(27,6,18,'2017-05-31 19:25:18'),(28,7,11,'2017-06-04 18:39:47'),(29,7,5,'2017-06-24 20:45:44'),(30,3,5,'2017-07-01 14:05:17'),(31,7,22,'2017-07-20 14:16:42'),(32,4,18,'2017-07-30 19:05:15'),(33,6,2,'2017-08-04 07:57:18'),(34,6,13,'2017-08-18 04:15:53'),(35,6,15,'2017-08-30 14:06:46'),(36,1,15,'2017-09-03 07:46:02'),(37,6,7,'2017-09-17 03:27:13'),(38,6,1,'2017-10-16 12:00:20'),(39,4,22,'2017-10-17 18:40:06'),(40,8,4,'2017-10-18 02:19:07'),(41,4,8,'2017-10-18 06:48:23'),(42,8,11,'2017-11-03 22:10:55'),(43,7,17,'2017-11-05 23:49:28'),(44,5,10,'2017-11-11 14:24:08'),(45,8,22,'2017-11-22 14:57:44'),(46,6,21,'2017-11-22 22:56:29'),(47,1,20,'2017-11-24 05:31:10'),(48,2,18,'2017-12-01 12:21:18'),(49,7,7,'2017-12-09 10:57:43'),(50,8,1,'2017-12-12 03:41:18'),(51,2,13,'2017-12-26 13:51:49'),(52,3,11,'2017-12-31 20:27:12'),(53,7,24,'2018-01-19 09:11:37'),(54,6,10,'2018-01-27 13:13:44'),(55,8,15,'2018-01-29 22:16:54'),(56,8,18,'2018-02-13 08:13:16'),(57,5,2,'2018-02-16 18:53:07'),(58,8,7,'2018-02-20 07:37:26'),(59,7,18,'2018-03-06 00:15:59'),(60,3,13,'2018-03-07 15:36:09'),(61,5,20,'2018-03-08 02:43:59'),(62,1,14,'2018-04-04 03:41:07'),(63,5,17,'2018-04-08 18:28:22'),(64,8,20,'2018-04-14 16:04:40'),(65,6,16,'2018-04-15 09:40:28'),(66,8,6,'2018-05-02 17:31:19'),(67,6,6,'2018-05-24 14:37:35'),(68,2,25,'2018-06-06 23:52:52'),(69,7,25,'2018-06-12 21:53:53'),(70,2,16,'2018-06-28 11:53:58'),(71,8,9,'2018-07-10 12:33:47'),(72,1,17,'2018-07-17 01:57:09'),(73,6,25,'2018-07-22 04:38:07'),(74,1,18,'2018-07-23 05:10:56'),(75,1,8,'2018-08-13 02:30:06'),(76,8,5,'2018-08-15 11:37:59'),(77,7,6,'2018-08-16 08:20:33'),(78,4,10,'2018-08-23 04:24:43'),(79,7,2,'2018-08-26 10:37:10'),(80,3,15,'2018-08-28 16:04:03'),(81,4,16,'2018-10-09 21:58:51'),(82,7,16,'2018-10-12 18:45:34'),(83,9,7,'2018-10-24 17:45:42'),(84,5,1,'2018-10-27 08:34:59'),(85,9,17,'2018-11-05 06:46:09'),(86,6,11,'2018-11-06 19:15:51'),(87,3,22,'2018-11-10 16:17:03'),(88,9,10,'2018-11-11 19:44:54'),(89,6,14,'2018-11-12 13:17:17'),(90,5,7,'2018-11-16 02:35:22'),(91,9,22,'2018-11-17 14:18:46'),(92,9,4,'2018-11-21 12:57:26'),(93,2,26,'2018-12-07 18:25:00'),(94,4,25,'2018-12-15 02:33:35'),(95,9,13,'2019-01-02 02:51:45'),(96,9,3,'2019-01-15 06:38:01'),(97,3,26,'2019-01-19 17:44:09'),(98,7,12,'2019-01-20 09:09:24'),(99,5,24,'2019-01-20 13:42:58'),(100,9,19,'2019-01-20 19:10:44'),(101,3,27,'2019-01-23 07:30:16'),(102,1,16,'2019-01-31 06:55:49'),(103,9,26,'2019-01-31 19:38:09'),(104,5,27,'2019-02-13 09:11:36'),(105,1,4,'2019-02-19 19:41:48'),(106,5,4,'2019-02-25 11:13:35'),(107,7,19,'2019-03-04 18:09:44'),(108,7,26,'2019-03-15 22:14:39'),(109,2,27,'2019-03-24 05:22:29'),(110,7,1,'2019-03-25 18:28:27'),(111,4,26,'2019-03-27 13:03:42'),(112,5,26,'2019-04-06 15:17:03'),(113,4,27,'2019-04-07 23:10:41'),(114,7,13,'2019-04-10 18:03:40'),(115,3,25,'2019-04-16 15:35:13'),(116,6,3,'2019-04-21 02:40:16'),(117,9,27,'2019-04-22 15:25:32'),(118,6,22,'2019-04-22 18:43:30'),(119,6,17,'2019-04-25 15:24:19'),(120,4,13,'2019-05-05 14:11:23'),(121,9,18,'2019-05-08 14:59:16'),(122,7,15,'2019-05-16 09:39:38'),(123,1,25,'2019-05-19 01:47:54'),(124,1,26,'2019-05-22 02:53:58'),(125,9,15,'2019-05-23 11:00:41'),(126,8,16,'2019-05-23 18:41:56'),(127,9,2,'2019-05-30 06:15:22'),(128,9,16,'2019-06-08 07:46:30'),(129,8,26,'2019-06-09 13:16:24'),(130,6,27,'2019-06-22 11:33:10'),(131,5,22,'2019-06-22 21:38:50'),(132,1,24,'2019-06-27 15:59:32');
/*!40000 ALTER TABLE `community_members` ENABLE KEYS */;
UNLOCK TABLES;

--
-- Table structure for table `permissions`
--

DROP TABLE IF EXISTS `permissions`;
/*!40101 SET @saved_cs_client     = @@character_set_client */;
/*!40101 SET character_set_client = utf8 */;
CREATE TABLE `permissions` (
  `id` int(10) unsigned NOT NULL AUTO_INCREMENT,
  `name` varchar(100) COLLATE utf8mb4_unicode_ci NOT NULL,
  PRIMARY KEY (`id`)
) ENGINE=InnoDB AUTO_INCREMENT=6 DEFAULT CHARSET=utf8mb4 COLLATE=utf8mb4_unicode_ci;
/*!40101 SET character_set_client = @saved_cs_client */;

--
-- Dumping data for table `permissions`
--

LOCK TABLES `permissions` WRITE;
/*!40000 ALTER TABLE `permissions` DISABLE KEYS */;
INSERT INTO `permissions` VALUES (1,'Create articles'),(2,'Read articles'),(3,'Delete articles'),(4,'Add members'),(5,'Delete members');
/*!40000 ALTER TABLE `permissions` ENABLE KEYS */;
UNLOCK TABLES;

--
-- Table structure for table `users`
--

DROP TABLE IF EXISTS `users`;
/*!40101 SET @saved_cs_client     = @@character_set_client */;
/*!40101 SET character_set_client = utf8 */;
CREATE TABLE `users` (
  `id` int(10) unsigned NOT NULL AUTO_INCREMENT,
  `name` varchar(100) COLLATE utf8mb4_unicode_ci NOT NULL,
  `created_at` timestamp NOT NULL DEFAULT CURRENT_TIMESTAMP,
  PRIMARY KEY (`id`)
) ENGINE=InnoDB AUTO_INCREMENT=28 DEFAULT CHARSET=utf8mb4 COLLATE=utf8mb4_unicode_ci;
/*!40101 SET character_set_client = @saved_cs_client */;

--
-- Dumping data for table `users`
--

LOCK TABLES `users` WRITE;
/*!40000 ALTER TABLE `users` DISABLE KEYS */;
INSERT INTO `users` VALUES (1,'Anthony Walters','2010-01-03 02:13:31'),(2,'Caitlin Gilmore','2010-06-03 17:40:56'),(3,'Edward Phillips','2010-12-03 11:00:18'),(4,'Lester Peters','2011-01-31 12:29:07'),(5,'John Parker','2011-02-01 00:39:29'),(6,'Joseph Chambers','2011-04-26 01:21:54'),(7,'Harry Walker','2011-06-18 09:44:29'),(8,'Lawrence Gibbs','2011-06-24 12:57:34'),(9,'Agatha Clarke','2013-03-04 05:36:48'),(10,'Shavonne Williamson','2013-04-12 18:27:51'),(11,'Tyler Butler','2013-12-10 09:51:35'),(12,'Evan Ramsey','2014-02-18 02:41:16'),(13,'Joshua Sparks','2014-06-19 06:25:17'),(14,'Ronald Cook','2015-01-10 22:18:56'),(15,'Amos Pope','2015-03-17 21:48:24'),(16,'Felix Hodges','2015-04-10 09:49:31'),(17,'Walter Harrington','2015-06-10 03:46:14'),(18,'Wesley Dalton','2015-11-24 09:16:15'),(19,'Edward Richardson','2015-12-09 05:28:29'),(20,'Ashley Eaton','2016-10-17 10:05:02'),(21,'Isaac Davis','2017-04-23 13:37:25'),(22,'Jacob Hall','2017-07-04 13:12:46'),(23,'John Barker','2018-01-02 04:44:02'),(24,'Piers Oliver','2018-01-16 11:22:09'),(25,'Alexandra Higgins','2018-04-24 23:13:26'),(26,'Maria Hamilton','2018-11-27 22:33:34'),(27,'Emily Byrd','2019-01-15 00:19:44');
/*!40000 ALTER TABLE `users` ENABLE KEYS */;
UNLOCK TABLES;
/*!40103 SET TIME_ZONE=@OLD_TIME_ZONE */;

/*!40101 SET SQL_MODE=@OLD_SQL_MODE */;
/*!40014 SET FOREIGN_KEY_CHECKS=@OLD_FOREIGN_KEY_CHECKS */;
/*!40014 SET UNIQUE_CHECKS=@OLD_UNIQUE_CHECKS */;
/*!40101 SET CHARACTER_SET_CLIENT=@OLD_CHARACTER_SET_CLIENT */;
/*!40101 SET CHARACTER_SET_RESULTS=@OLD_CHARACTER_SET_RESULTS */;
/*!40101 SET COLLATION_CONNECTION=@OLD_COLLATION_CONNECTION */;
/*!40111 SET SQL_NOTES=@OLD_SQL_NOTES */;
